Call_ID,Full_Text
C001,one ah
C002,This is the Blocopia Bank in 1302 with the Transnational Speedway call of art. Okay.
C003,Yeah? Yeah. Yeah. Yeah. Yeah. Yeah.
C004,"Yes, we're at the Nelson building and there's some men here with the bus to clean into the board meeting. Okay, you're at"
C005,"Listen, we're playing really bad at this. Okay, so get on our track, mate. People, you gotta track, mate, you b****."
C006,Do you know why you got so many people coming up to zobindebs?
C007,"I'm locking in the field and I'm looking for a champ. You're walking in the field. OK, and you should just stop. OK, I'm going to try to find you."
C008,"Tout le monde ast Denton再見, 광 making !"
C009,believed it.
C010,"Okay, it's out! We'll grab an四 to 되게 Fastenyelling and hold it up. Okay."
C011,"Yes, that's two sub-pro here that's the 8 on the ground. Okay, he did get it."
C012,"I mean, I'll wait behind the... ...and the fighters won't turn off."
C013,I'm here at the police station. I'm going to hold. Okay.
C014,"Yes, ma'am, I need to go out and leave quickly. Down the church. Change."
C015,"Ma'am, my cat is a person. I had to go find it."
C016,"Hello? Hello? Hello? Hello? Oh, that one was..."
C017,AMK470949 screw cool depression
C018,I need somebody escorted out of my store right away. He's causing problems.
C019,Hello! Hello! Hello 911!
C020,"I got three people, the second people, thank you. They're taking kids? Yes sir."
C021,"Hey, um, they just woke into my house. They had guns. They told us to just be on the floor. They're splousers like"
C022,"Um, I took some pills and um, the pills were really good mad, and um..."
C023,"All right, well, I was just flying with my buddy. You were sliding? I was just flying. I was sliding."
C024,"If somebody stays with Diane, I'm home alone and he's not here. My daughter is here. If somebody is here, quick."
C025,"I don't have an emergency tube for this stuff, it just left my house just now."
C026,My house is on fire. I don't know how to sleep in and I'll go to someone doom and I'll
C027,"Hi, my name is Maria. I'm calling because my teacher, Mr. Haines,"
C028,"Yes, I have a gun and I don't it's from LA car loaded and something just got shot."
C029,"I have a friend who's been drinking, I've been trying to help him since him too. He is now loading several weapons in a minute."
C030,"I'm a police at where the heck am I? 291 water counts, three to immediately. We just had bullets."
C031,I'm not sure my friend is called and basically told me she was going to kill herself and I think she probably will.
C032,"with the address, 750 south to 50 west."
C033,"emergency. Fire. Cutting wood. So, what's the location?"
C034,"It's not my, I mean, I haven't made it, I haven't possible, I haven't won overdose."
C035,I ain't gonna like your race a piece Ma'am prove to this for me
C036,"Yeah man, I'm a bit late today and we're in the road. We're going to see the gas."
C037,Nevada more general
C038,"Now, I won't let you know that I'm sleepy. But I heard my doorbell ringing out."
C039,"Please come down here. What's your, what? I don't know that address. You're gonna have to be in the end of the answers."
C040,"What was your weekend of a playboy end down a month in park? A plane going down, months in park. We went down, it was..."
C041,"Oh, somebody is coming. Somebody help. What's going on?"
C042,Somebody was trying to rob us. She got tight right now. We're holding her down. Okay. What address you at?
C043,"Hello? Hello, I'm floating down the river in my car. Okay, what river are you on? I'm..."
C044,"Yes, I need an ambulance on hard stones. Okay, we're in the airport."
C045,"with that little boy missing. Have you had any reports on one? No, I'm sure haven't."
C046,"We need police. Let's find a bike by 5.23. Let's find on them, man."
C047,man please help me I'm a county road 900 to 600 will build the TV towers and
C048,"I'm working to please my, I'm with you right here at America. I don't need largest, but"
C049,I'm not a prospect but I need to have somebody go to my brother's house.
C050,"one one. Hey, my friend is having a feature. Where are you at?"
C051,"Hello? Yes. We've just been robbed. Where? 220,000."
C052,"High Springs Community School, I called 911 a few minutes ago. We have, I heard several gunshots outside."
C053,"Yeah, I need an ambulance to 12 mark in South Reno. Okay, let's go on. Others."
C054,And we made a stain that was some clothes we used for the laundry address and spots that we没事.
C055,4980. I'm talking to my daughter right now. 4980. I'm talking to my daughter. Listen to me. Who is it? Three from the middle.
C056,It's been a demolishing of a house and there is a woman inside and we need someone to come
C057,"to help you. Hi, this is Latisha from store Big Five on Green Valley. I have a person that is robbing me."
C058,"Yes, ma'am, my neighbor just ran over so someone tried to kill her in her house. I don't know what."
C059,"901. My bad idea is that since it's really emotionally abusing me,"
C060,"Yeah, I've got kind of like a knife. My father don't leave a little bit of air. He's 79 years old."
C061,My husband is up in the attic and he's not responding.
C062,"I need to report a murder. Okay, where is that? 157 red-"
C063,"Yeah, it's very much right there in the back. I just think I just found out where you are."
C064,I'm Joan Pearson and I just killed two people.
C065,"Hey, I told you some rally. We've got a medical aburge that 4500"
C066,I just got back from work. From Target. I'm at 330.
C067,"Yes, we need an ambulance. We're at Westport Shopping Center right outside."
C068,"No, no, no! No, no! No, no!"
C069,"Yes, excuse me, so some helicopter is came down. The helicopter came down."
C070,"Yes, helicopter just crashed. A helicopter just crashed? Yes, sir. I think we're about to get started."
C071,"Good enough, Avenue. Someone is running around the neighborhood shooting a gun. Okay, they're in a car."
C072,"Hey, who's it? Sheriff's office can I help you? Yeah, who's this, Gendy? Who's it?"
C073,"of your emergency. A month has spoken to my house and my time is taking. Please come hurry. Okay, what's your address?"
C074,"Do I need any of them to please after or won't? Okay, you need a police officer? Yeah"
C075,"Oh my God, I'm on third Avenue to wherever I'll track somebody just tried to jump on the train and sever her legs."
C076,"I hopped, there's a sitting on arm, yeah, like we're sitting. Sitting with, sitting there, I hopped, in the ass."
C077,My main purpose is did lawyers hear to bail?
C078,I have just smothered my way.
C079,"We're on the boat right now. My friend says, got it by the shark. We have to make..."
C080,"Yes, I got I just shot someone in my business on that 59 31"
C081,"We got some shootings over here in Silbeach. Okay, where? The salon in the Maritala."
C082,"I just killed someone, a hundred, about 40."
C083,"Okay, yes, Emily, Katie, and the traffic search. She's in the city of La Clacetta and her accelerators suspect she can't stop the vehicle."
C084,"I got a report of shooting. Okay, where? Lehigh Hansen for Minette."
C085,"We need the police here. Okay, what's the address of the emergency? The other."
C086,"Okay, we've got a fire down here at the Route 7 right here at Abington."
C087,I want to tell you what's happening first. I just killed my wife. There's no where you're at. What? Where you need to pull.
C088,"What do we say? What happened? I'm sorry, I'm sorry. I'm sorry."
C089,We have been shot at a house in South Mim2. We have three children and we leave somebody here now.
C090,"Yes, I am... I come to Fitzgera concert..."
C091,"I'm behind the Noseville for Vata, license plate, CEG 8148, and we've been all over the road."
C092,4202 Mallor circle. Two men have just crossed my fence to try.
C093,What city are you in?
C094,I am going eastbound on I-10 between LA-30 and LA-44.
C095,"Yes, we need officer right now. There's a man shooting at the lady. We need a cop. We're at. We're on it."
C096,"Yes, my G pin hairs are getting lapped. Boss!"
C097,your meditation. I am a little boy having a new name. Let me get a gun nest. Don't hang up sir.
C098,"Okay, I call before and I already pay in back. All right, so aren't we going to..."
C099,"Yeah, I'm putting myself in for my husband, the number."
C100,"I'm someone's breaking into my house. Wish I'd grab. Sophie, six, seven, eight, four, five, what?"
C101,"I know. I'm sorry, Gordon. I know when she shot me with... I can go."
C102,"Yes, sir. I've got this middle school. We have a student with a dunking up help us out. Please call B.I.C. police also"
C103,I'm not sure if I'm going to get by train. Why was you hit by a train? My friend. Where are you?
C104,an ambulance to the south side Walmart immediately. What's going on? I have a man shot.
C105,You should... You should see...
C106,"I'm hoping. I'll leave in the lab, I think someone is trying to come in."
C107,"I need a nice grey billed place, I don't care who's 15612."
C108,"I don't know but you have 4,000"
C109,We have a I think we have a dead person in here. Okay. I don't know what happened.
C110,"I'm almost in Wonder Rock, the US bank, and I just need to be sure to tell myself then."
C111,What are you? The emergency hotline. Who are you?
C112,It's a business. I believe it's been robbed. What's the name of the business? Flying biscuit.
C113,"and what is your emergency? Hi, my name is Mickey. I'm the manager at the McDonald's. I'm very intrigued. Yeah. There's a woman who is so cute."
C114,I think we're on 75. I 75? Yes. Okay.
C115,Something is going on. Do you know the south number?
C116,"I keep blow-drow. We have blitz. Okay, I'm sorry you have blitz."
C117,Are you out of the house yet? No. Or I get out of the house. We can't.
C118,emergency. My focus is on that please come. We're going to say the address is not here for me. What city are you in?
C119,"Oh, darling, he's ill. Who is this? I told my father right to help."
C120,.
C121,"Um, we have somebody. Sorry."
C122,I think somebody is breaking in the house. We just came from school and put our pajamas on. We really scared.
C123,"Um, I always offers, kind of, my mom's on a floor."
C124,emergency. I just shot my wife. Can you tell me the address that you're off?
C125,I think we need a place at the Walmart Super Center in Miss Kogi. That's what we got.
C126,"Yeah, I need the Polo here. 963, he's 363. There's somebody in the house with a grimole."
C127,corner of 119 and counting road 1 we just saw plane go down to the
C128,"A plane just crashed. Okay, you said three miles south of Union reservoir."
C129,"Yes, it is a police station. Yes, it is. May I help you? Yes, okay. I put this as ridiculous."
C130,I know there's an ambulance on the TV for this little boy. Okay. And there's a young man.
C131,"Hi, we just witnessed the vehicle accident on the last night."
C132,There's a horrible accident on 7 mile fare in highway 94.
C133,"Hi, there was a accident. We just witnessed three cars just been full motion."
C134,I was told to call my dad to tell whatever I had.
C135,"He only found his dad's old proofs best, but I don't know."
C136,Open screen! Hello?
C137,"There has been a murder suicide. There is no survivors. Please send help. Okay, what's going on? Who? What's going on?"
C138,यह पलीज वारा हैं वार वार वार वार वार वार वार
C139,"Yeah, I'd like to report it to you, please. Okay. Be the thrills."
C140,"I just shot my wife. Okay, and what's your address?"
C141,Please come out of the cow! Please! It's coming to God! Please come out of the way!
C142,A woman came under her house screaming that her son had shot for her husband.
C143,"Hi, I hear a girlfriend just pulled up and there's a guy pull up and truck behind him and we think he has a gun."
C144,"Hi, Edons, Unshots. We're all on the floor. You're doing what? They think Unshots."
C145,I'm not talking about this. I'm talking about this. I'm talking about this.
C146,"Someone with murder, I think. Where are you? No, please, you're gonna let me... I need you."
C147,It was guys just in my mom and my niece and my sister all the while they've been treated.
C148,"I have a gun shop victim here. Okay, I'm going to hurry."
C149,I just come in to pick it up my trash and my major is in the house. I've got no...
C150,"Ту-ту-персон, что... А-а-а-а-а-а-а-а-а-а-а-а-а-а-а-а-а-а-а-а-а-а-а-а-а-а... Сер... Рада, Рада..."
C151,You need to see this ran over and they said that the boy just shot his mom. We've had to pull.
C152,and I requested a state police to come out. I would like state police
C153,I had a guy kicking in my door or trying to kick in my front door. I don't know what his problem was.
C154,in 59 to capture races. There's been a shooting. Somebody came in and shot a bunch of people. I'm hiding in the bed after a mall.
C155,exit of this game coming from the beach. There's a guy that's completely naked who has closed all of the...
C156,There's a naked man or the men's cars way at the end of the car way coming towards this
C157,So hi I'm Erie C. I'm Erie C. I'm my great-for-delie.
C158,I have a boy that was underwater and he's not breathing. How old is the boy? Four.
C159,Are you inside the house? Yes. Are you alone inside the house? Yes.
C160,someone on the back porch of black man. And what is your address? 3613 lady woodland.
C161,"I'm gonna take a look at how I put it. How the power of this kit. Well, we'll put it up over there now."
C162,I'm going to come and stop. Where are you at? I'm at the end.
C163,What kind of appearance is that? Your wet? What kind of appearance is that? Your panty is a shot.
C164,We had several police tire earlier and did a report.
C165,"Oh, right, brother. It's having a great time in the hotel. Okay."
C166,I just strangled my girlfriend. You just strangled your girlfriend? Yep. What's your name?
C167,"Okay, we've had an airboat accident. I'm not sure if they're all injuries. I don't know to what extent."
C168,"Hey, I see a mead down"
C169,"by crankwheels, like crankwheels,."
C170,I'm going to go now. I'll be right there. Do you have a hand for them? Yes. Do you have a hand for them?
C171,"라고 αν sichburstridzer, Ivory Para, sie haben universes buenüre Hudro astronaut in Craeremos. Einige dort dever uns schön gewśćjas an rozum very nice Mencli und ein warum auch er auch von Menschen nachfaming zisexual bisher auch im je auf dem oberen agix"
C172,I was just going to six temple and there was a I was in the parking lot and there was a bunch of
C173,"Yes, somebody just send my baby please get here. They just did what?"
C174,"Oh, there's a fucking dead man in the car. Roger for me, young."
C175,Can I help you? Somebody who's broken our daughter's trying to break into my bedroom. What's your address?
C176,"Please, before I get through, I have my shirt in here. The shirt is where, where on issue the cat, where at?"
C177,"Please fire. 9-1-1. My hands will be having a harder time. Brooke, we're going to start CPR on the hem. Okay?"
C178,you. I'll do you off with the shots. With what agency sir?
C179,I just killed my mom and my sister. What? I just killed my mom and my sister.
C180,How come because I'm at a port in my side and this is it? What park are you in?
C181,"We have two boards, two boards. Do you have lights to service? We have lights to service. Are you in the water now?"
C182,"It's been with gardens and sin as possible to the ladies. It was like, I've never had a hard problem. What is a dad's life?"
C183,I just committed a father's worst sin. Okay. I just shot my daughter and...
C184,"Yes, I have a three year old who's not breathing. To address men. 1 6 0 9 7 Northwater."
C185,I have an emergency. I have three dead people up on top. It's called Hanley flat up Wolfhand. My name is
C186,"Who's finished shooting? Okay, who was shot?"
C187,"N5631, Sahel Road."
C188,"Um, I don't know a guy stopped me. I think his wife is strong with his wife. He's"
C189,We need help my husband to shop my son
C190,"Place, this is Dale Ford, Passdresser, 217th. I'm called a bugger or in my shop. 217 North 7."
C191,"Come on in your side, busing up vehicle man. I don't know where you're at, where are you?"
C192,"have you got any reports of a building exposure? Yes we have, it's going to be Jerry Maschick in North La..."
C193,"I love this in the middle of the night, get to the other, I'm on the Lord, David. There's a lot of good luck, it's good."
C194,We just have the explosion at the front of our door. Yes sir. The chemical delivery is coming.
C195,"Gary Masek-Grab, all the house blew up. Now's the windshield out of my pick-up."
C196,"Yes. We're in West Texas Casino, Brooklyn замеч Berg and all the rest."
C197,"Yes, the 1000 exploded. Okay, what's the end like? 1879."
C198,"Oh, dude, the guy with the Josh suit is a new world ball right now. He's a sucker with the ball right now. Okay, can I have a..."
C199,"I'm a name of Hans Walters. I work for a lot of Vegas, much upon a police department."
C200,Can you please send rescue to I think I'm having
C201,I'm out of saw high school. There's a guy with a gun. Where's the chase hole? Last one's saw.
C202,You need police fire ambulance.
C203,"We have a shooter in the store. Okay, do you know if anybody's injured?"
C204,Okay. Okay. I need to get your stuff to a safe location.
C205,emergency. We're out of the town center.
C206,"911. Clackerman's town center, Frederick's of Hollywood, fired in the mouth. Okay, there will be other words."
C207,"Hi, I'm a suicidal teenager at House 503 Nighthawk Drive. I need an ambulance immediately."
C208,"500 feet, roll the cop, roll an ambulance, shots fired, a baby's been hit in the head."
C209,Can you get an ambulance in a cop? Get the over to 59 Alderwood drives. 59 what? Alderwood.
C210,"Hi, the gentleman was just talking to me about someone who's broken."
C211,"But, hurry up, this is the bivy. It happened. This is the bivy. He can't snuck it on my door earlier."
C212,But we went to the quails unlimited dinner last night and the cylinder might hear it looks like you hit it head in the...
C213,Get empty over here. Come under in shot 1220. Call the grab avenue 1220
C214,My mom is here. You're over there.
C215,"I'm at 69, 69 East Main. My son just shot his wife."
C216,"I don't know. Yes sir, I do push car right now. 504J3. 5041."
C217,"Yes, ma'am. Yeah, this is your last seat. Shot fired, same thing."
C218,"Yeah, I just attend to kill my mother if I step out there. Okay, where are you at sir?"
C219,"Yes, we're at a pool and I have a little girl that keeps down and she's not breathing. Trying to see if you are like..."
C220,"My neighbor's house is burning down at 312 Washington Avenue. We're on our ways, anybody inside?"
C221,Fuji guys welcome onto this side to enjoy for this shall we enjoy the toursMiniti Bye
C222,I'm reporting an airplane crash at a SSO. An airplane crash at SSO?
C223,"high, we just, where's the emphasis to airport in our airplane just crashed upon landing."
C224,"I'm in the hammer now, I'm going to wait. To wait a little bit. Wait a little bit."
C225,"Why did I move the fire alarm office? Okay, this is county. It's a matter of..."
C226,"Yeah, this is emergency. I'm a cab driver this guy. He say..."
C227,I'm going to see. Dance away! What happened to me? I don't know. I'm in the way. It's please.
C228,Help me help me quick. I'm the only one who can be on the court. I know.
C229,Can I want a mercy? What are you facing? Hello?
C230,"And there's a fire on the cemetery, a bridge into one of the gates. And on the cemetery."
C231,"Yes ma'am, I'm on second avenue in the school and the gentleman said tell them to hold down the police office are coming to here"
C232,He's in the house.
C233,"Yes, our ammunition is help. I'm trapped in the back side of this force bar."
C234,I'm watching Mike Donnell's up here. And I order like seven birds.
C235,"Oh my God, so many students at the Sheriff Department. At the Sheriff Department? Yes, so building place."
C236,"Yes, I didn't tacked by a man in the woods while I was hunting. Please send the police to my location."
C237,"On the boat, it ends up Radio lighting and electric supply building Radio lighting and the"
C238,Yes this is specific. Off to the studio this is sque今回 school. I want to introduce.
C239,"Now, here seems to be a bad fight next story."
C240,"I don't think so now and we all been followed. You need to hurry, we can only..."
C241,"I think some people are shooting. Okay, and SSF. Okay."
C242,I'm about to kill people. You're about to kill people? Yes. I had a deadly weapon in my...
C243,I'm sorry. Hello? Hello?
C244,"The station is on sunset, Larby, please come here. Okay, calm down a little bit, okay, what's he at?"
C245,"Um, my friend, who's my birthday gift, who I got to know."
C246,"I'm working for the head. I'm calling my son. I'm just getting asked. What's your address, ma'am? What's your address? What's your address?"
C247,"Oh, I'm just very upset. And I'm..."
C248,But guess what the fox has broke out and the lady come running out of the man from man is in there Tuding everyone
C249,"Okay, I'm at Wild Cash even. We've had a lot of our keepers."
C250,This is my goodest five or five each financial. I got the people in my yard and their dogs are my...
C251,"I've been called over to my father in law to have, because he got off the phone with my mother in law and he's been flexing up and stuff."
C252,There was this time I go and what a road is this? Red arrow going down.
C253,"My girlfriend is right and I think she's dead. I need someone here now. Okay, she breathing."
C254,I'm sorry. Any hoax school. I think there's somebody shooting in here. Sandy hoax school. Okay. What makes you a
C255,"emergency. Say you look at elementary school, 12 dickies and drugs. Okay, I've got that. What's going on down there?"
C256,I can still draw. It sounds like they're contacting the hallway. I'm a teacher in the school. Okay. Where are you in the school?
C257,"Yes, my husband's on the front there's a car here within a soul rifle shooting it's police and aiming at our house"
C258,"emergency. Oh, please hurry. This is one nine. Wind him court. We"
C259,"by the door. If anybody comes down here I'm shooting. Okay, don't, we don't want to shoot anyone else, okay? So, what's all this?"
C260,there. We got a we got a student athlete who was on the court moaning.
C261,"I have a nine week old infant and he just stopped breathing. Damn, I'm a white-up man. Okay."
C262,"We believe that there is a schooner. We have heard at least two shots. Okay, what is the next?"
C263,Minimum arab ми's Capuchom
C264,gunshot went to the chest. Number B.
C265,Can you hold for just a second? I just saw somebody running to the Comfort Bank on Thomas in 2020.
C266,I'll call it in right through. E. A weapons room. I'll call it right through.
C267,"the railroad tracks, we've got to train that to D rail the National Fire."
C268,"You guys are having a baby, you're supposed to be... You're supposed to be guys that are having a... ...over the coffee, too, and you're supposed to be..."
C269,He never says yes.
C270,"I just had a lottery to steal a beer at all. All right, hold on, first share our stuff. Let's go. All right, hold on."
C271,"So there's been a gunshot at the cop theater, movie theater, cop, and what's the chapel gunshot, to the chat."
C272,I'm gonna come in with your name. What is your name?
C273,"the crazy. He's been stabbed really bad. Okay, let's be breathing ma'am."
C274,ond
C275,"My daughter is choking on a bouncy ball. Okay, and you're at 25, 25 North 10th Street? Yes, is she?"
C276,"Well, am I 41 going south and I'm going to do a cross street right now?"
C277,"urgent both of it mama Oh yeah, now that's a moment."
C278,ครтеen! where's the fire at!? estas- woanging on a ScoobyDid
C279,payback police chief uh... with having a vehicle pulled across the street in the residence come on jottis
C280,I've been taken out of my house at gunpoint. I'm going to head to the police station.
C281,And my neighbor just knocked on my door. And I heard this mission. We went down to where the mail box is.
C282,معه لا أنه نبسوا auss proxy ايضاً فن Jerjen
C283,on. Land is on the ground. I didn't go and check you. A male is on the ground? Yes.
C284,"Yes, I live at the 9301 South Secretary of State, Harvard A. I got a gentle"
C285,"This is Caliola, the transfer at your Beth Western. I'm a 1-14, someone has been shot in the neck. They're going to need medical assistance."
C286,We're missing a child. Three years old. You're missing a three year old.
C287,"What exactly what happened? My wife's pregnant and she says she made the hospital, she says she can't read them."
C288,"I am on half road, I am in water, and it's taken me away. Hey man, we're on the..."
C289,"Okay 134th respect, 29 42 and future with the injury that parents unthinkable."
C290,"My walk up up up a little. Okay, let's go up the bottle with a carrot there. You've got movie. There."
C291,"I got a collar on the line, she's got to be quiet, somebody just broken door house, 436, Lowell Street."
C292,"I'm having one of my moments in shot. Okay, so it's medical. Is it medical, son?"
C293,I've got a woman in my bank pointing a rifle at all of us and all of our customers. I need police now.
C294,"We walked contact with two carriers, with the carrier and somebody else."
C295,"Where's your emergency? I need an ambulance to let on one colony. Okay, what's going on? What's going on? Okay."
C296,We need an ambulance. We're going on. My mom keeps...
C297,"Okay, what the problem on wrong and office? Something's what? You know, something wrong and office, I believe. What do you mean something?"
C298,Are little boys not breathing? Is he breathing now? No he's not.
C299,You did!
C300,"Um, my mother fed down. Okay, your mama fell down? Yeah. Okay, where are you at?"
C301,"My kids have been in this for three o'clock today, my seven-year-old and my three-year-old."
C302,I have been missing since 7 o'clock this morning and
C303,I have someone here that I need to be arrested in my home.
C304,Hello. Hello. Hello. Hello. Hello. Hello.
C305,"Hi, I'm speaking to my boyfriend and he was entering his home and I heard loud screaming and now this dead"
C306,East rear.
C307,"I can't bite my wife, so I'll feed her the bathtub and I think she gets. I'll let you, I'll see how it goes."
C308,We have a bare molley. I am out on the trail. I just wanted to take this time.
C309,when i should there
C310,This is an emergency run hike. I'm going to make my walk or hike in my kitchen in the smokey.
C311,northwest Vegas star. It looks like they have aircraft throwing the canvas with its way down in treatment.
C312,2313 what? 2313 cabrits. 2313 cabrits. Yes.
C313,I'm sorry I've got to admit.
C314,"Yes, well I walked in my car and you're like in your car out of your car. Yes, in my car."
C315,"You look like you need it, come slow. You just need a towel to come over here."
C316,"A child who has been left on my doorstep. Okay, what's your address?"
C317,Okay! No!
C318,"Hang on, this is too much traction. So it's a connogeable of R to the 180."
C319,Exactly what happened. There was two trains just collided outside of our metro link.
C320,"Yes, ma'am. My name is Special Agent Richard A Smith. That's number zero time."
C321,"We'll be in the office, I'll guide you by 9. Please try. We're all bleeding."
C322,"Hello, it's the state police and the gentleman's girlfriend is having a baby right now. Okay, sir."
C323,I don't know if I'll make it. I'm trying to...
C324,"My boyfriend is outside, he has been stabbed. Okay. And he's..."
C325,I'm the guy that's in pretty big trouble right now. You're in pretty big trouble? What's your name?
C326,"Yes, I think everybody's clicking into my house. Please. Okay, stay on the phone. I mean, why did you think someone's trying to break a..."
C327,Ada averages have really designedла stressed around down down down down we can't remember if I said брос Through to hand I'm not happy maybe good others good sad loveр love
C328,I think my son's been killed. We're at. We're in the Evergreen...
C329,The update has already been released. I think he's going to try to kill himself. I need an A.
C330,"Well, as said, emergency, you know why on one lane, on one side at the damn drawbridge, on 95..."
C331,Come on. What? More now! There's nothing to talk about!
C332,"What are you into doing? The FAA agents that look like you're giving a heart attack or stroke or something, just"
C333,"Well, I just got a phone call saying that my friend, she was in the basement apartment of that house and apparently the"
C334,There's a fire right here off the Broadway. Broadway and poetry.
C335,We just came into my sister's house. I'll see you on the floor. Try the girlfriend mask.
C336,My girlfriend left last night. We were at the Stevens-Ball and St. Nicholas.
C337,"My cat, a cat, is a seven-month-old child. And I..."
C338,and my friend was drinking and she woke me up and she's sick and now she's not responding.
C339,and it's a fire at somebody else called the stadium. You're on the ground. The avenue is at their avenue.
C340,"28 grand we need somebody to move your nads to five years out of house. 28 grand and your partner. 3, 3."
C341,We came from Bader spoiling forest and s title spoken in the hear.
C342,میری دریاد کارتے ہو دریہ میری ریور کی کار کار میری ریورتے ہو دریگا بھائی آجا
C343,Somebody got shot at? Somebody got shot at? Yeah.
C344,"Okay, what's the address?"
C345,"emergency. Yeah, this is it from I had a little girl that fell on the ball and"
C346,"The bedroom is on fire. I have to go fast. Okay, we're on the way."
C347,"How you doing? I'd like to report like to a double murder in Cambridge, on it. Okay, do you know the answer? I know. You are."
C348,"165 Airborne Road, I've been shot on 1675 Airport Road."
C349,"Скаляков,計 {\幼 fishermen DNX4 </0chuckles,Niedapp 01"
C350,I need some help. What's going on?
C351,Conjects if there's a fire. Give the fire at what address man?
C352,"Hi, something just exploded at the end of Sayat. Okay, is there any..."
C353,I think someone is trying to break into my home. Just stop at 56.
C354,"Hi, I'm Karen C. My name is Linda. I work with Entertainmentpur, my stylist."
C355,"I'll say what's going on, he said I want to help Brown. He's on Brown, she's in the floor now. Okay, may I..."
C356,I just shot my mother in my... You shot your mother?
C357,I just witnessed a shooting on third Avenue in Nickers. Third in Nickers and how many minutes.
C358,Oh my God! I'm not so lucky! You're right now! We used to talk about lightning! And my boyfriend was...
C359,We have an aircraft declaring an emergency is going to land on the beach at Venice. Close to the airport. I'm not sure it got...
C360,"No, I think someone's in. David, you hear the front door? I'm hearing no lights, the door's."
C361,we heard looked in the garage door was up and i thought the gentleman was backing up and went back
C362,We've been beating. It's the family daughter. I'm bleeding.
C363,I have a gun range officer that got shot in the head. We're at a... Samture's point.
C364,"I need 10 minutes right now for you. Okay, let's be a drag."
C365,We go up to this lady she laying in the road. I think she would get by a car. Okay. I got ahead injury. Oh
C366,"I'm going to ruin the way I'm at. But my line looks like this guy robbed and he got shot. Okay, fun."
C367,She cut me who cut you there's no no hold on
C368,Please have me try to get my house. What are they doing? They tied my fund door and my schedule are now.
C369,"There's been a shooting, I just shot a man attack. We'll make a stop. OK, sir. If he enters."
C370,"I love me, I just love you more. Are you at a house? For a house?"
C371,"Yes, man, I just shot my doider and shot all my grandkids."
C372,Because I'm not my way to work on North Sound on Redwood Road.
C373,"¡Ahhh! ¡Esto es eso! ¡Ay, un buen! ¡Cuál es la emergencia!"
C374,I got arrived from 21 to what's he's so cold? My 35 travels.
C375,"And there was a guy and there was a pistol and I was falling fake, but he's like pointed at everybody."
C376,"I'll shut my husband and shut me, so we'll shut to me. Okay, hold on for me. Okay."
C377,"I'm sorry, there's a situation here. We have residents that I think they stole a car."
C378,I'm in a glory in a race where it's where I go away.
C379,I think it's murder. What makes you think that? Because...
C380,"Um, I don't know if my husband had eyes rolling back. He's just not breathing."
C381,I'm out here right now and I lost my keys in my car. Is there any way that someone can come out here?
C382,It's not an emergency. The only way I know how to get in touch with this woman is
C383,What's going on there? Let's see what's going on there.
C384,"Now, one, one, where's your emergency?"
C385,"Same. I hear you, br-"
C386,"I'm sorry, but the fireworks bill on. I'm sorry, you cannot call 911 for that."
C387,I just received a call a few minutes ago from one of our VPs who states that he's up.
C388,If the Digman hit the park at 31st Avenue in Valmont.
C389,It's a yes. Yes. The boys are here. Just a doubt. Let me have you. Ma'am. Ma'am.
C390,There has been four gunshots. Close to the second. And it is in the middle.
C391,I cut my wife so sweet in the bathtub and I think she's dead. I want you with the anger.
C392,"We just found the body of a baby, my grandson."
C393,I would have brought behind him and his brother along with me and I called down there because I was feeling this.
C394,This is our scouting utility emergency dispatch. We found a human skull. Oh my gosh.
C395,I need a police to come to my
C396,"Yes, no, I want to report a drug overdose."
C397,"Hello? Hello, my dad and my uncle just got shot. Okay. Oh my god, I don't like that. Two people shot at this time."
C398,on the side of the guide. And you can tell my little foot in there now. OK. Can you tell us?
C399,"My brother, he was playing like with his gun."
C400,My brother is counting. Where are you at? I'm at the...
C401,"My guy, my girlfriend is yesterday. Calm down, sir. Is she still breathing?"
C402,"We have a gunshot wound accidental in the household. Okay, how old?"
C403,"Somebody just, somebody just take him in my house. What did he hit her in the head with? I have not. I don't want-"
C404,There's a cleaning out of Rockville Road at 9.6.9.
C405,"I don't know what this kid has done, and she's like going into a theater or something. And I don't know. Now just keep on..."
C406,"I got my gun out. There's somebody trying to get in my house. Okay, alright, let's go."
C407,"emergency. 5-001, there's man, we'll be done. 5-001."
C408,I can't hear you scream and I can't...
C409,"We're having a baby or in Boulder Creek. We need to get the shutter. Okay, what's the problem? Some exact what happened."
C410,Where's your emergency? I'll get a fire. Super-agore is following twig. Hold on just a second. Slow down. What's the address?
C411,"I just came home, the door was busted in and my girlfriend's been shot."
C412,"It just crashed into the Hudson River, a US Air."
C413,I have the car. He just didn't get him. It was screaming at each other. This is a hot car. Okay.
C414,"I've got a burglar. A burglar. Yes, ma'am. In the burglar."
C415,The baby's not playing me on this. It's a damn baby highlands avenue. 12 baby highlands highlands.
C416,Can I help you? Certainly. A couple of people who have picked over in the Great Salt Lake have got them on the line.
C417,"No, I'm lonely. I'm lonely. Just broken into a house where I'm lonely. Please help us. That's what my life is in half now."
C418,My mouth is in the bathroom and in the tea cups.
C419,"I'm coming here to buy something. I've listened to this. When I get there, I'm in the window."
C420,"Yeah, I was trying to find out if I knew to bring like any chick stoops or a"
C421,"I see some activity going on in the car and I don't think it's proper. Okay, what kind of activity is it, sir? It looks like..."
C422,This is emergency 911 emergency. 340 soil.
C423,You said we dropped your store apart. Someone what? We just dropped your store apart.
C424,floor. You'll be on the floor. She'll be on the floor. Okay. I'm going to tell you how to help deliver the baby. Okay.
C425,What's the problem? What's the problem there?
C426,It does crash. What? A plane crashed on 17th and Lincoln in houses.
C427,like gunshots being fired. Okay. I don't know where they're coming from. It was two days.
C428,"My girlfriend, she has a sex boyfriend and she's been talking to hell out of her. Okay, just talking out there."
C429,We just got a cry that somebody had shot somebody in a health diagnosis.
C430,"We've missed all the kidnaps in the night. Thank you, thank you. Who is kidnapped?"
C431,"of gentlemen in the center room, and the instrument, you change the room. A bank of pot fell out of this room."
C432,"If I have been to the same thing, I will be open to the 14th, 2000, definitely a gas at a time zero."
C433,"The man lying on the highway. He's lying down at the edge of the earth, but on his arm."
C434,"I want to talk, I want to talk, into my mouth, into my heart, my heart, my heart."
C435,I am. My uncle's job is to put a knee snack in his girlfriend's back and I am picked here. What? I am picked.
C436,I ordered a Pinchy Chicken Leget with a small bite as...
C437,"Somebody just, somebody just, and I'm gonna send a call to the police. I'm gonna be there's all on each day. Somebody just,"
C438,"Help me. Okay, what's up, honey? My son isn't at least. I'm doing crazy."
C439,He'll let me cop a bean on quickClintus to move through the whole room Even shine with shame
C440,Brian Chessens at 7-1-Bot-Glorm Circle and he is wrestling us to get in my house.
C441,"Yeah, I think it's least like that on my head. Yeah, man. We just got we just call it to boys breaking in our call"
C442,Somebody walk into our house last night. I don't know.
C443,My ass bloopers is staring at the hell out of me It's stopping in my head and my neck and my...
C444,"My partner's on fire, he can't. Err! Okay, stay on the line with me, don't hang out. No, please!"
C445,I don't want Marge and Martin to stay. Help! It's a guy's coming! I can take him and go!
C446,"I think he had a parachute on him, a guy parachute."
C447,"What's the problem there? There's a fire on pregnant. There's a fire at home? Yes, please come. OK, get outside."
C448,Why would the pan cut me? I need assistance right away. What happened? My wife has now
C449,I have a concern for a co-worker. She just called me and sounded very...
C450,"A white female passenger pass out on one of our vehicles, which is 21-22."
C451,"Hello, um, he's going down to the black way with my baby. Okay, where are you?"
C452,I'm going to turn this to the 258 from here. I'm going to turn the 258 from here.
C453,"I don't know. There's a lady laying out here on the side wall. Okay, bleeding. Okay. Are you with the lady?"
C454,"Hi, my name is Jean Thomas. I'm watching my home on live monitor and there's a black man in my house and he's robbing it."
C455,"I'm going to start giving him out the lobby for any black. Miss, yes, General, I know it's where you with him now."
C456,There is a strange man outside our home and he hollered.
C457,
C458,My wife says in the bathroom she is bleeding all over the place. She thinks she's having a...
C459,"and since May 8th, we've just got robbed. Okay, what they look like."
C460,We've got a person here who is not fit to drive and needs to be taken to that system.
C461,"because I'm the lady, I'm my teenage lady, she was yelling for help, and they looked like she had a blood all over her."
C462,"There's somebody killed someone. Okay, ask for where the suspect is."
C463,911.... We're at...
C464,"And easy and good shots of blood fire There, go against the middle of the high east"
C465,I need an ambulance for two hours. Somebody just come and collect you up. What a drug.
C466,units know that it is confirmed rotation on the ground. Just want to roll our house off for five. Bring clean.
C467,way into the north I've seen a funnel cloud just reporting my firstailing.
C468,We just got in the tornado and the car slipped and the windows mercy and we're bleeding.
C469,I told you this came across there say 24 okay. Yeah
C470,"Yeah, I have a rotating cloud coming in a southwest of Regis, as far as me."
C471,"Yes, it looks like we're gonna touch down on broad moral. Are you hard car? No, I'm looking at"
C472,"No, ma'am, we can see a tornado. We're at 914, Hillcrest. We have about five of us all."
C473,"My mom, she's sick and she can't wait to see you. She can't wait, God."
C474,I'm so glad we need the wheels to the car. She ran over three people in a row. Where? I'm so glad we're here again.
C475,Where is the guy with the gun in the case he's with Ames? Which case is the Lincoln Y1?
C476,I'm just kidding the sounds of it. You can hear it in. Who is that? That's the course to be in that style.
C477,
C478,"My phone is on my phone. Okay, 615. It's okay."
C479,"and then warrant. There's a fire back here at someone's front porch. Okay, where you need the fire department, ma'am?"
C480,We just saw a big airliner just being coated by two five planes.
C481,"So where will we have a revet? Okay, thank you."
C482,emergency. Oh that's the F18 chasing a big commercial plane around and around all those downtown
C483,"Yeah, I had two unusual aircraft fly really close."
C484,I'm the designer of the house and I'm really just a robber. What are your address? My name is...
C485,by the river the dog jumped in the water and we can't get out. Oh my god!
C486,"Just let me just walk up and then we'll settle down and drop. Okay, sir, stay with me, okay?"
C487,"If not, I'm calling from the Sheraton Baltimore North. Yes sir. We have a dead body in one of our rooms."
C488,because they just jumped my 13 year old daughter and it's about to be all hell for a glimmer on.
C489,We got off for damn. What do you mean you have an off? We don't have a whole bunch of officers down.
C490,Женяа Мouble
C491,"You know, Lyleview's shut down. You heard what? I seen a Lyleview's quiet down."
C492,It's too late. And the high winds have the...
C493,"We had a dead body right out in front of our school in the grass area, but we're at the John Fee door to be John's in location."
C494,
C495,"If the address is 1160 Ray Road, we have a baby missing out of a crib."
C496,I just called over to my sister's house and I have a phone.
C497,The phone man following me from the application. Damn. Did he show the gun to you?
C498,Somebody just came in and shot my daughter and my husband. They shot them? They shot them? What's your act?
C499,I'm watching TV and I heard five shots and there's someone laying in my front yard. A woman's sitter.
C500,I just killed my family. What's the knife? All of them. All for real. What's your name? Michael Miller.
C501,My mom's oxidative is my empty brain Her fever where are you? not anapsadidation
C502,I'm not going to be a police fire ambulance. I need to be a police comm. I'm a brother strong and he took out a knife. Police.
C503,I'm pulled over in the road. My husband's in the middle of the road having a serious like psych...
C504,"Well, my husband's not, I cannot seem to wake him up."
C505,"Now listen here. I've got two people here help hospital, right? Okay. Now you know what?"
C506,see. Bargur was breaking into a house next door. What's the address there sir? 74.
C507,"Our state, we have a Burmese python, it's about 12 foot long, she got out of the cage last night and got into..."
C508,"We were just said and talking my wife, you know Bob, and then she fell on the floor. Okay, what?"
C509,"I don't want to go. Hey, just before I made a street up here by Wild Rock chasing us. Where are you at?"
C510,It's a must've been shot. I haven't picked the vitals.
C511,There's a guy there with a gun. Yeah. Black and white. Black and white.
C512,"went to add some guys walking around a parking lot, looking for some guys that are gone. I think it's worth a bit more time. Tell me in the address please."
C513,"Yeah, the man on the phone says there's a man on his property with a gun. Okay, and that's where the person is supposed to be too."
C514,I just been bitten by a red tail fox up in Red Reef Park.
C515,"Yes. We had a, I think, a shooting right now on the bus barn on the high school."
C516,"out, not working. Not working. My babies are in there. Oh my God, I'm moved here."
C517,Somebody just came in and shot my daughter and my husband. They shot them. Please send me a check. I love my girl.
C518,is not breathing. Okay. Is there any way you can
C519,What do I think? I think I need an ambulance. I've got a teenager who's turning purple in his face. I think he's soaked out or something.
C520,"Yeah, there's been a bunch of guns out to my house. I think a bunch of people were shot. We're at 2112 views."
C521,"estoy hablando aquí el chico de la mongos si, que pasa están unos hombres"
C522,Inside everyone in
C523,And it's like I just tried to get out of this car. I got out of this car and he tried to get in my truck.
C524,"Somebody has been shot. They're calling to please and an ambulance. Yes, does he want the horseshoe? Yes, what?"
C525,I'm just having older women standing here and she had noticed two gentlemen trying to get in a house.
C526,"superintendent, part 2, thank you."
C527,I have been in the news recently about being on in a hotel naked.
C528,There's an armed robbery going right on right now. I've been shot in the back and I'm bleeding. You've been shot in the back? Yes. OK.
C529,"And yes, my friends have to have me. He doesn't have to. He'll have to."
C530,Hope all is well.
C531,"emergency, my girlfriend just jumped off the back of our hotel room."
C532,"Yes, other guys been shot. Okay, right here on Burdenon Avenue. I want to see if the M1"
C533,"No, there's people trying to break in my house. Okay, they're there right now. They're here right now. They just spoke a basement window."
C534,"Alright, I killed my girlfriend. Excuse me? Did you hear me? I want you to re-"
C535,three black men in the middle of Russell Boulevard and one of them has like a
C536,"it was a bus. Let me see. Okay, I'm right. Yeah. It's wrapped by one..."
C537,"And with the already got somebody on the way, can you give me any kind of description? It's too black guys."
C538,There are three black gentlemen that are there harassing the women out there.
C539,"I was at a McDonald's, I paid $10 and these guys gave me one burger and a five."
C540,I gave you guys $10 they gave me one burger and a fry and told me to fuck.
C541,I've been run over. I've been run over. They all use real chat for...
C542,"Yes, my husband is a black man, I stabbed him. Okay, what's your address? 94 95 Stabber."
C543,I'm driving and I have somebody chasing me and they just hit my car.
C544,"I'm gonna go to my son, he's here. He's here. I think he's drunk. I don't know if he has to go to my police."
C545,"Well, I'm the arm drum now, I'm just trying to figure out the thing when you hit."
C546,Why do I think we have to make this shit worth a matter? I'm at the court.
C547,I have a concern for a co-worker. She just called me and sounded very...
C548,"I just think, he's called family, he's dead. He's trying to hysterical, I can't understand. I'm having a ton of over this."
C549,"That being fired in so many things, how? So I'm finshada. Yeah, you can slide there over."
C550,Someone is getting my house. It was an issue.
C551,I just saw a guy go into a room.
C552,I'm sorry.
C553,"Just been shot in front of my parents. You've been shot? Yes, right. Where have you been shot at? To the end of my leg."
C554,"Yes, the guy is following us with shotgun and he's trying to run us off the road. There you are. We're standing..."
C555,"Somebody just broke into our house. With the address, Kevin, to me. With the address, I shot him. You shot him?"
C556,"I just got my daughters and my children. You just did a lot of it? Got my daughters? Yes, got them."
C557,Which two people in the house? Do they have weapons? Huh? Yes. What type of...
C558,"Hi, my name is Stephen Rodwald and I just heard a shoot my dad."
C559,The baby was fully seeing the mother I had.
C560,My name is Stacy and I'm driving towards Ontario and a car went off into me at my marker 22
C561,I just can't get him sex with a window. Is anybody hurting your house? I don't know yet.
C562,Two people are breathing towards no call. Yes.
C563,"What's going on? I don't know. Somebody broke the window I know. And your house or your car? Ah, smart."
C564,"there are two men who was going to try to kill me. They have my husband on the floor. He's bleeding. All right, what is he?"
C565,"Hey, the sprawler has taken a very good death trail. Yeah, people enjoy it. So, so, so."
C566,"and there were some kids over there, just one other kid, little fire and another kid in. Oh God."
C567,The little boy just called on fire and he jumped off the other swimming car. What's the address?
C568,I cut my wife so sweet in the bathtub and I think she's dead. I want you with the anger.
C569,"right now. She just gone and I need him out. Is this house? Okay, what do you mean, she would be in the end?"
C570,I just killed my boss. You just did what?
C571,"Yeah, I have a black guy in here. He says he's gonna wrap the store and anyone is supposed to give him He says he has a gun on him"
C572,Hello. I need to raise up to you. Please come on in.
C573,"Please. Thank you, sir. Thank you. Good afternoon. Good afternoon. May I?"
C574,I have so many people are shooting and people are running out of my building at work.
C575,"Yes, ma'am, I'm having a shot. BEEP BEEP"
C576,Or Nothing is going to keep you as a different from the other right now? Take your time to talk to everyone that is more able to read Obi Wan.
C577,I'm bringing the key to the master right now. I work at 3 Bay and a couple of the ladies that work there just ran down here.
C578,We were closing the store and the guy came in with a mask on and I think...
C579,"I'm not sorry, my neighbor came. And now she said her husband said, the baby, I'll fire. I don't know, the lady."
C580,He will just throw in my neighbor's house. Just the address. What's the address?
C581,I think I got shot. Danny Sriper 4203 Lake Avenue with Fumbi.
C582,Thank youfilberg so the
C583,"Your mommy's sick. If your mommy's sick, does she need an ambulance? Mommy."
C584,I woke up this morning and my daughter was not in the house. I don't know if she walked out. I don't know.
C585,What's going on man?
C586,I just killed my daughter. You what? I just killed my daughter.
C587,"I'm a literacy expert. Man, man, man, man, man, man, calm down."
C588,I need to unambient quickly and out of fire fire in commission
C589,The house is on fire. The house is blowing up. Can you guys can listen? We've already got a call. Is it on a line?
C590,There's a man at my back door he's trying to get in.
C591,"Не, не, не к dunkу!"
C592,His friends are his friends because it's one of the things I don't know.
C593,"left heading south on 9.51. Yeah, it's a fairly new model truck. Looks like a Dodger afford."
C594,"We've found an elephant walking down the street near the community center, the rate 20."
C595,"Oh, I was coming to pass out. Is there anything else? I was coming to pass out."
C596,I think I know why you could follow me home because somebody thinks it feels a big I can't drive home straight.
C597,"radio light happened in the lobby with the gun. All right. Is everybody okay? Everybody away from them? Oh, yeah."
C598,"Can we meet police assistance for this? Okay, what's going on?"
C599,My mom and her boyfriend and her boyfriend felt marijuana.
C600,"I accidentally shot my husband. You accidentally shot your husband? Yes. OK, is he breathing?"
C601,
C602,"Uh, these came up to visit all of the home fathers. Uh-huh. And I think they were lovely to see them."
C603,I'm going to cost him a gunpoint and the 3400 block to highway drive southeast.
C604,I need to tell a few minutes to start shooting. I don't know where I'm at. One winter is dropping. The birds are falling.
C605,We got a baby that's not responsible. We're at 3301 West Noelle Drive.
C606,I'm going to return air cream. Just went down off of Encona. And airplane.
C607,"I'm not in any danger right now, but it's all my urgent. These people, they came through my door."
C608,I might just call it the potential robbery and my mother's been missing for... I don't know.
C609,Ok my dad does not expect you to do it Ok
C610,"I went off the road, I'm in a retention pond right now. You're in the retention pond? Yeah. Okay."
C611,your emergency? I've got a gentleman in quarantine with a gun. I need someone here right now. I'm the storm manager.
C612,I need a phyllo-prove laser for a computer officer to my house.
C613,"sake if you need help, any further attention , Mill and Police Provost For explorer Oedists mantle"
C614,She's shooting at her! Come to the fucking house! That's not the way!
C615,"I just killed my kids. What's your name, male? Julia Murray. What is it?"
C616,"I'm not going to try to jump the other way, I'm going to go. And I'm trying to act like I can't hear you."
C617,the building on 334 south of 8 quarters on fire. Report of a house fire house fire.
C618,"there's a house on fire. There's a house on fire. 30, 30, 30, 38."
C619,"I think there's been a murder. Okay, and where is the person at? Is the victim?"
C620,"Dude, beau. Oh, no, you're not perm-лек-pp , then. You're not abdominal, far more. Wooo."
C621,There's a fight broke out in the liquor store. There's a customer holding him back. You guys need to...
C622,"your husband shot you at, man. Remember stomachs. Okay, worse."
C623,I've got a black man here who's supposed to come out of house. Repanded.
C624,We have a trainer in the water with one of our whales. The whale that's set up to be in the water with? Okay.
C625,"There's some car, there's some guy, there's gonna be a way more than that. Can you close?"
C626,"I think the house will fire. Okay, with me, and we are is it? One, two, two, one, eight."
C627,"Yes, you're big. You just wanted to go back. I don't know where you are."
C628,"Yeah, I just killed somebody. You what? I just killed somebody. You killed somebody? Yeah."
C629,"shots, cooperate with the public. do it all right, arm and back."
C630,"Orn Cavenday, there's somebody shot somebody in the store. Okay, orn Cavenday, where?"
C631,the media leaders that died with a knife for me. Brown token. Don't threaten me.
C632,"Okay, is that a single family home or an apartment man?"
C633,"My point goes shot. Alright, Santa, I want to come in with you. Are you over there, Lesky?"
C634,"don't worry Nyda second car, now drop drop drop drop the fool or they're suingl I didn't the"
C635,I don't have money to buy a ticket. I don't have money.
C636,or there's none. This is my one one. Do you need police or medical...
C637,"Yes, they are killing so we have pardoned."
C638,"Hey, I got her, I got an audio. Seminole with the transistor. Okay, pull it. Okay, I'm in the middle."
C639,"I'm not a mom or a guy shot. What? I'm not a man, I'm not a guy shot. Bye, who?"
C640,There's been an explosion on I 30 on I'm sorry 183 research. I'm gonna test you. I'm at
C641,"Okay, what kind of plane was it? How big was it, sir? It looked like a desna, like a prop plane."
C642,"No, it's worth everything I'm getting ready to kill somebody. No, it's worth where? Everton. Everton?"
C643,be interrupted by consumption of time smoked and 41 정도로吵到
C644,I just saw my best friend on the X-E-Santz. Oh my god! I just shot your best friend. How did- where did-
C645,"And it's what I already saw with me. Okay, how cool. Hey, buddy. Hey, buddy."
C646,"My dad told me my duck. Her, her dad."
C647,I went out broke. I hope she was not back and I was getting her in. Should have been like-
C648,"Hey, guys, I just saw a Godfly, two shots after a..."
C649,I can't see anything. I was struck with a bottle. And I'm a freak.
C650,are you
C651,We had someone come in and asked for dial 911 that there's a woman yelling.
C652,"Okay, it's a mind. Ma'am? Yes. What's the emergency? I..."
C653,There's someone at my door and he keeps on knocking on the door and he tried opening it.
C654,I just killed my children. Excuse me? I just killed my children. Where are you?
C655,I have ordered food which is totally ridiculous you can get.
C656,It sounded like gunshot behind the door. We were in the door at the title store.
C657,This is an emergency. My car is in the litter right off the street. Mullins car.
C658,I make sure to report gun shot wound. Someone gun shot wound.
C659,"Okay, I got her a female shot 17831, someone had a new apartment and..."
C660,I just came home in my girlfriend and my mother somebody worked at the moment where I had a simple ad-
C661,Okay.
C662,my brother killed my brother. I heard this street name but you're going outside in somewhere a second.
C663,"There's a guy laying on the road he's leaving. OK, man, I'm going to even hit by a car. I'm going to get started. I don't know."
C664,I can't find my son. Calm down. What is your address?
C665,I killed my boat kids. I'm sorry? I killed my boat kids. They are dying. I...
C666,Is there a report of somebody shooting? I don't know where. Do you know if anybody's heard right now? Yeah.
C667,Where's your emergency? There's a gunshot. We're at. Gunshot in 1600. 1600.
C668,"Who are at our house and told us to break into our house? Okay, where's your mom at? She got-"
C669,Hello sir. Yeah. Did you dial 911 a little while ago?
C670,The shoot over in the main center. That's why you serve. I'm in the building.
C671,There are bees like hundreds swarming around a guy who can't get up off the ground thousand.
C672,20 feet underwater. There! We need to get out here! Out of here! 9-1!
C673,And so we get fit What is that? Vyremal What kind of animal is that?
C674,"I didn't mean it's gonna be right down. Alright, we will ask her this."
C675,One of the kids was at the first holiday on the day and I don't know if she's okay enough.
C676,"The fight, man, it's smoking out, man. You think Green Park and Dogwood?"
C677,She's not waking up. Okay. What's her address?
C678,"Indeed, it is. Yeah. Huh? Let's go. Oh! These people are medical errors."
C679,"I just shot the Mormons Bishop over here until they're here. You did? Yes, it is. Your name?"
C680,And this guy has a gun in my hat. I need the cloth. The God's got a gun in my hand. 17.
C681,for at least four or five people to part at the end. That's where. This is where...
C682,"I'm going to start with the exact same rules. By a loose, okay? And if he conscious and breathing,"
C683,"Yeah, we just, I need to report a kidnapping. We're kidnapping, what happened? A guy in a..."
C684,"Hi, I called a little while ago and believe I talked to Stacy. My..."
C685,emergency.
C686,"Yes, ma'am. I need somebody to come to Penicry, Glendon. Okay."
C687,My name is Mary Lyons. I'm the Banking Center Manager at Bank of America at 185 Highland
C688,"You mean some reason to ask her on my mom? Yeah, I don't even, she just called."
C689,This is the hospital. Where am I at? On that dog's office. They're shooting in the hallway around the eighth floor of their shooter.
C690,The old North Shore Road and my husband's been attacked by a bear.
C691,"Somebody somebody's full of them is our shoe and they're not shot by two pieces. Okay, we're getting some up up."
C692,"Oh my god, the fire! So now, it's the level where I'm inside."
C693,"on 23rd grade. This is Tony Guzman, I'm a staffer and he was overheaded towards."
C694,"high, a little airplane, a little one-engine airplane took off from the airport at 83rd Street in Christ."
C695,"I'm sorry. Good outdoor. Good things. Yes, ma'am. Yes, ma'am."
C696,Hello. Is everything okay? Ah.
C697,"Okay, what do you need to believe?"
C698,"Yes, I need the police please, as my house. Glad to. I think we need an ambulance."
C699,Okay. We need a person back in the meat department to get an in.
C700,What do you need? You need the police?
C701,"Somebody go into my house. Where the hell is that? What's your address? Yeah, but..."
C702,"We just got a lot to come upon. It's gonna come here with a gun, shot one of our employees, and uh..."
C703,Uh...
C704,"Oh, my mind's at the doctor. You're not at the doctor. Are you there alone?"
C705,"I'm the one who wanted this to show right now. She got me in the blue, she's down in the white area."
C706,"Oh, there's a student. Who's been shot, man?"
C707,"Yes, I need a police officer over here. What's going on? Um..."
